First Name,Last Name,Country
Taurean,Stiedemann,Nicaragua
Tyler,Padberg,Togo
Bernadine,Thompson,Paraguay
Colby,Ratke,Fiji
Joesph,Koss,Afghanistan
Ransom,Rodriguez,Turkey
Cruz,Harber,Tuvalu
Percival,Williamson,Eritrea
Lorenzo,Ward,Netherlands
Dina,Lockman,Guam
Ayden,Collins,Vietnam
Brett,Fisher,Antarctica (the territory South of 60 deg S)
Jasen,Cartwright,Falkland Islands (Malvinas)
Ryan,Bayer,Mongolia
Candida,Rice,Turkey
Angelica,Casper,Syrian Arab Republic
Calista,Marks,Central African Republic
Amaya,Swift,Senegal
Tracy,Cronin,Liberia
Maggie,Bechtelar,Benin
Javier,Ondricka,Gambia
Abbey,Brown,Macao
Marilie,Cartwright,Belgium
Albert,Gerlach,Turkey
Audrey,Langosh,Cuba
Moises,Kiehn,French Southern Territories
Amparo,Larson,Iceland
Alexandria,Donnelly,Georgia
Danika,Legros,Guam
Fatima,Kovacek,Latvia
Junior,Miller,Cuba
Matt,Kris,Mauritius
Dina,Emmerich,Portugal
Rhiannon,Flatley,Nicaragua
Odell,Braun,Timor-Leste
Annie,Bogan,Congo
Raphaelle,Rutherford,Bahrain
Raphaelle,Harber,Tanzania
Alba,Block,Nigeria
Florine,Waelchi,Turks and Caicos Islands
Elena,Hettinger,Suriname
Freeda,Wilderman,Mexico
Marielle,Quitzon,Tokelau
Mafalda,Balistreri,Russian Federation
Charlene,Schroeder,Syrian Arab Republic
Napoleon,Doyle,Turkmenistan
Jena,Kuhic,Turkey
Furman,Hand,Seychelles
Joshua,Parker,Senegal
Mollie,Kunze,Belgium
Quinn,Heaney,Guadeloupe
Rachel,Considine,Finland
Sarah,Kulas,Bahamas
Aliza,Lemke,Tonga
Rodrigo,Effertz,Turks and Caicos Islands
Derek,Kris,Somalia
Ernestine,Hilpert,Bangladesh
Myra,Cassin,Vietnam
Gunnar,Crona,Benin
Mireille,Wisoky,Brazil
Frederik,Lindgren,Saint Vincent and the Grenadines
Elliot,Huels,Liechtenstein
Matilde,Swift,Cook Islands
Shaylee,Stracke,Antigua and Barbuda
Aleen,Hahn,Bolivia
Santos,Stroman,French Guiana
Jacey,Kuvalis,Mauritius
Thora,Osinski,Greenland
Lonie,Pfeffer,Indonesia
Elyssa,Ernser,Nauru
Noble,Bahringer,Jamaica
Will,Erdman,Albania
Jordane,Barton,Croatia
Werner,Bahringer,Vanuatu
Violet,Turner,Brunei Darussalam
Emil,Fadel,Georgia
Rhea,Konopelski,Palestinian Territory
Murray,Boyer,Cameroon
Dion,Jacobs,Togo
Anibal,Collins,Sao Tome and Principe
Nya,Durgan,Bahrain
Freddie,Waters,Chad
Sonny,Reynolds,Armenia
Derrick,Beer,Syrian Arab Republic
Christopher,Schaefer,French Guiana
Alicia,Abshire,Kazakhstan
Kali,Glover,Montserrat
Darby,Casper,Antarctica (the territory South of 60 deg S)
Bernie,Heathcote,"Virgin Islands, U.S."
Kailyn,Marquardt,Iraq
Hanna,Schaden,Malawi
Trent,Bernier,Chad
Trent,Hansen,Russian Federation
Harmony,Carroll,New Zealand
Louvenia,Kuvalis,Central African Republic
Tanner,Olson,Faroe Islands
Nelle,Ruecker,French Southern Territories
Elna,Daugherty,Slovenia
Howell,Denesik,Hungary
Floyd,Watsica,Guinea-Bissau